﻿<?xml version="1.0" encoding="utf-8"?>
<Feature xmlns="http://schemas.microsoft.com/sharepoint/" Description="SharePoint Add-in Feature" Id="b1ce9088-6063-4d68-9394-068b6d1e47f8" Scope="Web" Title="sescollc Feature1" Version="5.1.0.0">
  <ElementManifests>
    <ElementManifest Location="Pages\Elements.xml" />
    <ElementFile Location="Pages\Default.aspx" />
    <ElementFile Location="Pages\Default.js" />
    <ElementFile Location="Pages\Requesters\CreateRequest.aspx" />
    <ElementFile Location="Pages\Requesters\CreateRequest.js" />
    <ElementFile Location="Pages\Requesters\MyRequests.aspx" />
    <ElementFile Location="Pages\Requesters\MyRequests.js" />
    <ElementFile Location="Pages\Administration\Requests.aspx" />
    <ElementFile Location="Pages\Administration\Requests.js" />
    <ElementFile Location="Pages\Users\Users.aspx" />
    <ElementFile Location="Pages\Users\Users.js" />
    <ElementFile Location="Pages\Common\EditRequest.js" />
    <ElementFile Location="Pages\Common\EditRequest.aspx" />
    <ElementFile Location="Pages\Administration\Requests - Copy.js" />
    <ElementFile Location="Pages\Team\Requests.aspx" />
    <ElementFile Location="Pages\Team\Requests.js" />
    <ElementFile Location="Pages\Requesters\CreateRequest - Copy.js" />
    <ElementFile Location="Pages\Administration\Requests - Copy.aspx" />
    <ElementFile Location="Pages\Users\Teams.aspx" />
    <ElementFile Location="Pages\Users\Teams.js" />
    <ElementFile Location="Pages\Requesters\Requests.aspx" />
    <ElementFile Location="Pages\Requesters\Requests.js" />
    <ElementFile Location="Pages\SuperAdmin\Requests.aspx" />
    <ElementFile Location="Pages\SuperAdmin\Requests.js" />
    <ElementFile Location="Pages\Common\AccessDenied.aspx" />
    <ElementFile Location="Pages\Administration\ISO.aspx" />
    <ElementFile Location="Pages\Administration\ISO.js" />
    <ElementFile Location="Pages\SuperAdmin\ImpactedComponents.aspx" />
    <ElementFile Location="Pages\SuperAdmin\ImpactedComponents.js" />
    <ElementFile Location="Pages\SuperAdmin\ImpactedSystems.aspx" />
    <ElementFile Location="Pages\SuperAdmin\ImpactedSystems.js" />
    <ElementFile Location="Pages\SuperAdmin\BusinessFunctions.aspx" />
    <ElementFile Location="Pages\SuperAdmin\BusinessFunctions.js" />
    <ElementFile Location="Pages\SuperAdmin\ClosureReasons.aspx" />
    <ElementFile Location="Pages\SuperAdmin\ClosureReasons.js" />
    <ElementFile Location="Pages\SuperAdmin\BusinessFunctions - Copy.aspx" />
    <ElementFile Location="Pages\SuperAdmin\BusinessFunctions - Copy.js" />
    <ElementFile Location="Pages\Common\Search.aspx" />
    <ElementFile Location="Pages\Common\Search.js" />
    <ElementFile Location="Pages\Common\EditRequest - Copy.js" />
    <ElementManifest Location="Scripts\Elements.xml" />
    <ElementFile Location="Scripts\App.js" />
    <ElementFile Location="Scripts\Framework\Bootstrap\bootstrap.js" />
    <ElementFile Location="Scripts\Framework\Bootstrap\popper.js" />
    <ElementFile Location="Scripts\Framework\jQuery\jquery.js" />
    <ElementFile Location="Scripts\Framework\Data\sharepoint.data.js" />
    <ElementFile Location="Scripts\Framework\Data\sharepoint.lists.js" />
    <ElementFile Location="Scripts\Framework\Controls\sharepoint.controls.js" />
    <ElementFile Location="Scripts\Framework\Data\sharepoint.lists - Copy.js" />
    <ElementFile Location="Scripts\Framework\Mail\sharepoint.mail.js" />
    <ElementFile Location="Scripts\Framework\Dialog\sharepoint.dialog.js" />
    <ElementFile Location="Scripts\Framework\DataTable\datatables.js" />
    <ElementFile Location="Scripts\Framework\DataTable\dataTables.responsive.js" />
    <ElementFile Location="Scripts\Framework\DataTable\jszip.js" />
    <ElementFile Location="Scripts\Framework\Bootstrap\bootstrap-multiselect.js" />
    <ElementFile Location="Scripts\Framework\DataTable\datatables.button.js" />
    <ElementFile Location="Scripts\Framework\DataTable\buttons.html5.js" />
    <ElementFile Location="Scripts\Framework\DataTable\buttons.flash.js" />
    <ElementFile Location="Scripts\Framework\DataTable\pdfmake.js" />
    <ElementFile Location="Scripts\Framework\DataTable\vfs_fonts.js" />
    <ElementFile Location="Scripts\Framework\DataTable\dataTables.bootstrap.js" />
    <ElementFile Location="Scripts\Framework\DataTable\buttons.print.js" />
    <ElementFile Location="Scripts\Framework\DataTable\buttons.colVis.js" />
    <ElementFile Location="Scripts\Framework\DataTable\colReorder.dataTables.js" />
    <ElementFile Location="Scripts\App - Copy.js" />
    <ElementFile Location="Scripts\Framework\Data\sharepoint.data modern.js" />
    <ElementFile Location="Scripts\Framework\DataTable\dataTables.fixedheaders.js" />
    <ElementFile Location="Scripts\Framework\Morris\morris.js" />
    <ElementFile Location="Scripts\Framework\Morris\morris.min.js" />
    <ElementFile Location="Scripts\Framework\Morris\morris.min.js.map" />
    <ElementManifest Location="Content\Elements.xml" />
    <ElementFile Location="Content\App.css" />
    <ElementFile Location="Content\corev15.css" />
    <ElementFile Location="Content\Bootstrap\bootstrap.css" />
    <ElementFile Location="Content\FontAwesome\fontawesome.css" />
    <ElementFile Location="Content\Fonts\FontAwesome.otf" />
    <ElementFile Location="Content\Fonts\fontawesome-webfont.eot" />
    <ElementFile Location="Content\Fonts\fontawesome-webfont.svg" />
    <ElementFile Location="Content\Fonts\fontawesome-webfont.ttf" />
    <ElementFile Location="Content\Fonts\fontawesome-webfont.woff" />
    <ElementFile Location="Content\Fonts\fontawesome-webfont.woff2" />
    <ElementFile Location="Content\Fonts\hps-euro-w01-regular-eot.eot" />
    <ElementFile Location="Content\Fonts\hps-euro-w01-regular-ttf.ttf" />
    <ElementFile Location="Content\Fonts\hps-euro-w01-regular-woff.woff" />
    <ElementFile Location="Content\DataTable\datatables.css" />
    <ElementFile Location="Content\DataTable\dataTables.responsive.css" />
    <ElementFile Location="Content\DataTable\fixedColumns.bootstrap.css" />
    <ElementFile Location="Content\App - Copy.css" />
    <ElementFile Location="Content\Bootstrap\bootstrap - Copy.css" />
    <ElementFile Location="Content\DataTable\datatables.buttons.css" />
    <ElementFile Location="Content\Bootstrap\bootstrap-multiselect.css" />
    <ElementFile Location="Content\DataTable\colReorder.dataTables.css" />
    <ElementManifest Location="Images\Elements.xml" />
    <ElementFile Location="Images\AppIcon.png" />
    <ElementFile Location="Images\darkdecorativebg.jpg" />
    <ElementFile Location="Images\sesco_logo.jpg" />
    <ElementFile Location="Images\sesco_logo.png" />
    <ElementManifest Location="MasterPages\Elements.xml" />
    <ElementFile Location="MasterPages\sesco.master" />
    <ElementManifest Location="RequestTypesInstance\Elements.xml" />
    <ElementManifest Location="RequestTypes\Elements.xml" />
    <ElementFile Location="RequestTypes\Schema.xml" />
  </ElementManifests>
  <UpgradeActions>
    <VersionRange>
      <ApplyElementManifests>
        <ElementManifest Location="Pages\Elements.xml" />
        <ElementManifest Location="Scripts\Elements.xml" />
        <ElementManifest Location="Content\Elements.xml" />
        <ElementManifest Location="Images\Elements.xml" />
        <ElementManifest Location="MasterPages\Elements.xml" />
        <ElementManifest Location="RequestTypesInstance\Elements.xml" />
        <ElementManifest Location="RequestTypes\Elements.xml" />
      </ApplyElementManifests>
    </VersionRange>
  </UpgradeActions>
</Feature>
