﻿<?xml version="1.0" encoding="utf-8"?>
<List xmlns:ows="Microsoft SharePoint" Title="ClosureReason" FolderCreation="FALSE" Direction="$Resources:Direction;" Url="Lists/ClosureReason" BaseType="0" xmlns="http://schemas.microsoft.com/sharepoint/">
  <MetaData>
    <ContentTypes>
      
      
    <ContentType ID="0x0100a06ad7e568fe462a8bfba3074fe425cf" Name="ListFieldsContentType"><FieldRefs><FieldRef ID="{e071a902-4ebe-46c5-afc1-07208a55be40}" Name="Reason" /><FieldRef ID="{1d0a50ca-4cd1-4b32-9d57-16032d08d156}" Name="RequestType" /><FieldRef ID="{ce838300-8630-4051-a29b-a2070c3c1c5f}" Name="Ranking" /></FieldRefs></ContentType><ContentTypeRef ID="0x01">
        <Folder TargetName="Item" />
      </ContentTypeRef><ContentTypeRef ID="0x0120" /></ContentTypes>
    <Fields>
      
    <Field Name="Reason" ID="{e071a902-4ebe-46c5-afc1-07208a55be40}" DisplayName="Reason" Type="Text" /><Field Name="RequestType" ID="{1d0a50ca-4cd1-4b32-9d57-16032d08d156}" DisplayName="RequestType" Type="MultiChoice" FillInChoice="FALSE"><CHOICES>
      
      
      
      
      
      
      
      
      
    <CHOICE>Incident</CHOICE><CHOICE>New Capability/Enhancement</CHOICE><CHOICE>Software</CHOICE><CHOICE>Data File</CHOICE><CHOICE>Access/Security</CHOICE><CHOICE>User Support</CHOICE><CHOICE>Environment</CHOICE><CHOICE>Maintenace</CHOICE><CHOICE>Device</CHOICE></CHOICES></Field><Field Name="Ranking" ID="{ce838300-8630-4051-a29b-a2070c3c1c5f}" DisplayName="Ranking" Type="Number" /></Fields>
    <Views>
      
      
    <View BaseViewID="0" Type="HTML" MobileView="TRUE" TabularView="FALSE">
        <Toolbar Type="Standard" />
        <XslLink Default="TRUE">main.xsl</XslLink>
        <RowLimit Paged="TRUE">30</RowLimit>
        <ViewFields>
          
        <FieldRef Name="LinkTitleNoMenu"></FieldRef></ViewFields>
        <Query>
          <OrderBy>
            
          <FieldRef Name="Modified" Ascending="FALSE"></FieldRef></OrderBy>
        </Query>
        <ParameterBindings>
          <ParameterBinding Name="AddNewAnnouncement" Location="Resource(wss,addnewitem)" />
          <ParameterBinding Name="NoAnnouncements" Location="Resource(wss,noXinviewofY_LIST)" />
          <ParameterBinding Name="NoAnnouncementsHowTo" Location="Resource(wss,noXinviewofY_ONET_HOME)" />
        </ParameterBindings>
      </View><View BaseViewID="1" Type="HTML" WebPartZoneID="Main" DisplayName="$Resources:core,objectiv_schema_mwsidcamlidC24;" DefaultView="TRUE" MobileView="TRUE" MobileDefaultView="TRUE" SetupPath="pages\viewpage.aspx" ImageUrl="/_layouts/15/images/generic.png?rev=23" Url="AllItems.aspx">
        <Toolbar Type="Standard" />
        <XslLink Default="TRUE">main.xsl</XslLink>
        <JSLink>clienttemplates.js</JSLink>
        <RowLimit Paged="TRUE">30</RowLimit>
        <ViewFields>
          
        <FieldRef Name="LinkTitle"></FieldRef><FieldRef Name="Reason" /><FieldRef Name="RequestType" /><FieldRef Name="Ranking" /></ViewFields>
        <Query>
          <OrderBy>
            
          <FieldRef Name="ID"></FieldRef></OrderBy>
        </Query>
        <ParameterBindings>
          <ParameterBinding Name="NoAnnouncements" Location="Resource(wss,noXinviewofY_LIST)" />
          <ParameterBinding Name="NoAnnouncementsHowTo" Location="Resource(wss,noXinviewofY_DEFAULT)" />
        </ParameterBindings>
      </View></Views>
    <Forms>
      <Form Type="DisplayForm" Url="DispForm.aspx" SetupPath="pages\form.aspx" WebPartZoneID="Main" />
      <Form Type="EditForm" Url="EditForm.aspx" SetupPath="pages\form.aspx" WebPartZoneID="Main" />
      <Form Type="NewForm" Url="NewForm.aspx" SetupPath="pages\form.aspx" WebPartZoneID="Main" />
    </Forms>
  </MetaData>
</List>