﻿<?xml version="1.0" encoding="utf-8" ?>
<!--Created:cb85b80c-f585-40ff-8bfc-12ff4d0e34a9-->
<App xmlns="http://schemas.microsoft.com/sharepoint/2012/app/manifest"
     Name="sesco"
     ProductID="{7addde54-30ef-43a2-8985-5f5878789f49}"
     Version="5.1.0.0"
     SharePointMinVersion="16.0.0.0"
>
  <Properties>
    <Title>Sesco Support</Title>
    <StartPage>~appWebUrl/Pages/Default.aspx?{StandardTokens}</StartPage>
  </Properties>

  <AppPrincipal>
    <Internal />
  </AppPrincipal>
  <AppPermissionRequests AllowAppOnlyPolicy="true">
    <AppPermissionRequest Scope="http://sharepoint/content/sitecollection" Right="FullControl" />
    <AppPermissionRequest Scope="http://sharepoint/content/sitecollection/web" Right="FullControl" />
  </AppPermissionRequests>
</App>
