﻿<?xml version="1.0" encoding="utf-8"?>
<List xmlns:ows="Microsoft SharePoint" Title="Priorities" FolderCreation="FALSE" Direction="$Resources:Direction;" Url="Lists/Priorities" BaseType="0" xmlns="http://schemas.microsoft.com/sharepoint/">
  <MetaData>
    <ContentTypes>
      
      
    <ContentType ID="0x01009786043190174e679927c7550a7f89a2" Name="ListFieldsContentType"><FieldRefs><FieldRef ID="{86984658-cdd7-4793-ba80-8f84f0028382}" Name="TicketPriority" /><FieldRef ID="{3b69cfb8-6ebb-4e79-913d-7dc39078dc55}" Name="Ranking" /></FieldRefs></ContentType><ContentTypeRef ID="0x01">
        <Folder TargetName="Item" />
      </ContentTypeRef><ContentTypeRef ID="0x0120" /></ContentTypes>
    <Fields>
      
    <Field Name="TicketPriority" ID="{86984658-cdd7-4793-ba80-8f84f0028382}" DisplayName="Ticket Priority" Type="Text" Indexed="TRUE" /><Field Name="Ranking" ID="{3b69cfb8-6ebb-4e79-913d-7dc39078dc55}" DisplayName="Ranking" Type="Number" Decimals="0" /></Fields>
    <Views>
      
      
    <View BaseViewID="0" Type="HTML" MobileView="TRUE" TabularView="FALSE">
        <Toolbar Type="Standard" />
        <XslLink Default="TRUE">main.xsl</XslLink>
        <RowLimit Paged="TRUE">30</RowLimit>
        <ViewFields>
          
        <FieldRef Name="LinkTitleNoMenu"></FieldRef></ViewFields>
        <Query>
          <OrderBy>
            
          <FieldRef Name="Modified" Ascending="FALSE"></FieldRef></OrderBy>
        </Query>
        <ParameterBindings>
          <ParameterBinding Name="AddNewAnnouncement" Location="Resource(wss,addnewitem)" />
          <ParameterBinding Name="NoAnnouncements" Location="Resource(wss,noXinviewofY_LIST)" />
          <ParameterBinding Name="NoAnnouncementsHowTo" Location="Resource(wss,noXinviewofY_ONET_HOME)" />
        </ParameterBindings>
      </View><View BaseViewID="1" Type="HTML" WebPartZoneID="Main" DisplayName="$Resources:core,objectiv_schema_mwsidcamlidC24;" DefaultView="TRUE" MobileView="TRUE" MobileDefaultView="TRUE" SetupPath="pages\viewpage.aspx" ImageUrl="/_layouts/15/images/generic.png?rev=23" Url="AllItems.aspx">
        <Toolbar Type="Standard" />
        <XslLink Default="TRUE">main.xsl</XslLink>
        <JSLink>clienttemplates.js</JSLink>
        <RowLimit Paged="TRUE">30</RowLimit>
        <ViewFields>
          
        <FieldRef Name="LinkTitle"></FieldRef><FieldRef Name="TicketPriority" /><FieldRef Name="Ranking" /></ViewFields>
        <Query>
          <OrderBy>
            
          <FieldRef Name="ID"></FieldRef></OrderBy>
        </Query>
        <ParameterBindings>
          <ParameterBinding Name="NoAnnouncements" Location="Resource(wss,noXinviewofY_LIST)" />
          <ParameterBinding Name="NoAnnouncementsHowTo" Location="Resource(wss,noXinviewofY_DEFAULT)" />
        </ParameterBindings>
      </View></Views>
    <Forms>
      <Form Type="DisplayForm" Url="DispForm.aspx" SetupPath="pages\form.aspx" WebPartZoneID="Main" />
      <Form Type="EditForm" Url="EditForm.aspx" SetupPath="pages\form.aspx" WebPartZoneID="Main" />
      <Form Type="NewForm" Url="NewForm.aspx" SetupPath="pages\form.aspx" WebPartZoneID="Main" />
    </Forms>
  </MetaData>
</List>
