﻿<?xml version="1.0" encoding="utf-8"?>
<Feature xmlns="http://schemas.microsoft.com/sharepoint/" Id="c2c1f167-cdcd-49b4-afb3-cd4b65a18df1" Scope="Web" Title="sescollc Feature5" Version="5.1.0.0">
  <ElementManifests>
    <ElementManifest Location="ImpactedComponents\Elements.xml" />
    <ElementFile Location="ImpactedComponents\Schema.xml" />
    <ElementManifest Location="ImpactedComponentsInstance\Elements.xml" />
    <ElementManifest Location="ISOInstance\Elements.xml" />
    <ElementManifest Location="ISO\Elements.xml" />
    <ElementFile Location="ISO\Schema.xml" />
    <ElementManifest Location="TeamsInstance\Elements.xml" />
    <ElementManifest Location="Teams\Elements.xml" />
    <ElementFile Location="Teams\Schema.xml" />
    <ElementManifest Location="ClosureReasonInstance\Elements.xml" />
    <ElementManifest Location="ClosureReason\Elements.xml" />
    <ElementFile Location="ClosureReason\Schema.xml" />
    <ElementManifest Location="RootCauseInstance\Elements.xml" />
    <ElementManifest Location="RootCause\Elements.xml" />
    <ElementFile Location="RootCause\Schema.xml" />
    <ElementManifest Location="NotificationsInstance\Elements.xml" />
    <ElementManifest Location="Notifications\Elements.xml" />
    <ElementFile Location="Notifications\Schema.xml" />
  </ElementManifests>
  <UpgradeActions>
    <VersionRange>
      <ApplyElementManifests>
        <ElementManifest Location="ImpactedComponents\Elements.xml" />
        <ElementManifest Location="ImpactedComponentsInstance\Elements.xml" />
        <ElementManifest Location="ISOInstance\Elements.xml" />
        <ElementManifest Location="ISO\Elements.xml" />
        <ElementManifest Location="TeamsInstance\Elements.xml" />
        <ElementManifest Location="Teams\Elements.xml" />
        <ElementManifest Location="ClosureReasonInstance\Elements.xml" />
        <ElementManifest Location="ClosureReason\Elements.xml" />
        <ElementManifest Location="RootCauseInstance\Elements.xml" />
        <ElementManifest Location="RootCause\Elements.xml" />
        <ElementManifest Location="NotificationsInstance\Elements.xml" />
        <ElementManifest Location="Notifications\Elements.xml" />
      </ApplyElementManifests>
    </VersionRange>
  </UpgradeActions>
</Feature>
