﻿<?xml version="1.0" encoding="utf-8"?>
<Feature xmlns="http://schemas.microsoft.com/sharepoint/" Id="b0a7e6e7-5ae0-4aca-8b8d-5bc7502b5a51" Scope="Web" Title="sescollc Feature4" Version="5.1.0.0">
  <ElementManifests>
    <ElementManifest Location="TicketSubTypesInstance\Elements.xml" />
    <ElementManifest Location="TicketSubTypes\Elements.xml" />
    <ElementFile Location="TicketSubTypes\Schema.xml" />
  </ElementManifests>
  <UpgradeActions>
    <VersionRange>
      <ApplyElementManifests>
        <ElementManifest Location="TicketSubTypesInstance\Elements.xml" />
        <ElementManifest Location="TicketSubTypes\Elements.xml" />
      </ApplyElementManifests>
    </VersionRange>
  </UpgradeActions>
</Feature>