﻿<?xml version="1.0" encoding="utf-8"?>
<Feature xmlns="http://schemas.microsoft.com/sharepoint/" Id="2fcae1a3-81b3-4382-ac62-c2e8beb6e051" Scope="Web" Title="sescollc Feature2" Version="5.1.0.0">
  <ElementManifests>
    <ElementManifest Location="Priorities\Elements.xml" />
    <ElementFile Location="Priorities\Schema.xml" />
    <ElementManifest Location="PrioritiesInstance\Elements.xml" />
    <ElementManifest Location="SupportTicketsInstance\Elements.xml" />
    <ElementManifest Location="SupportTickets\Elements.xml" />
    <ElementFile Location="SupportTickets\Schema.xml" />
  </ElementManifests>
  <UpgradeActions>
    <VersionRange>
      <ApplyElementManifests>
        <ElementManifest Location="Priorities\Elements.xml" />
        <ElementManifest Location="PrioritiesInstance\Elements.xml" />
        <ElementManifest Location="SupportTicketsInstance\Elements.xml" />
        <ElementManifest Location="SupportTickets\Elements.xml" />
      </ApplyElementManifests>
    </VersionRange>
  </UpgradeActions>
</Feature>