﻿<?xml version="1.0" encoding="utf-8"?>
<Feature xmlns="http://schemas.microsoft.com/sharepoint/" Id="d117e367-27ae-492b-9cf1-0114efb75045" Scope="Web" Title="sescollc Feature3" Version="5.1.0.0">
  <ElementManifests>
    <ElementManifest Location="Comments\Elements.xml" />
    <ElementFile Location="Comments\Schema.xml" />
    <ElementManifest Location="CommentsInstance\Elements.xml" />
    <ElementManifest Location="UsersInstance\Elements.xml" />
    <ElementManifest Location="Users\Elements.xml" />
    <ElementFile Location="Users\Schema.xml" />
    <ElementManifest Location="BusinessFunctionsInstance\Elements.xml" />
    <ElementManifest Location="BusinessFunctions\Elements.xml" />
    <ElementFile Location="BusinessFunctions\Schema.xml" />
    <ElementManifest Location="ImpactedSystemsInstance\Elements.xml" />
    <ElementManifest Location="ImpactedSystems\Elements.xml" />
    <ElementFile Location="ImpactedSystems\Schema.xml" />
  </ElementManifests>
  <UpgradeActions>
    <VersionRange>
      <ApplyElementManifests>
        <ElementManifest Location="Comments\Elements.xml" />
        <ElementManifest Location="CommentsInstance\Elements.xml" />
        <ElementManifest Location="UsersInstance\Elements.xml" />
        <ElementManifest Location="Users\Elements.xml" />
        <ElementManifest Location="BusinessFunctionsInstance\Elements.xml" />
        <ElementManifest Location="BusinessFunctions\Elements.xml" />
        <ElementManifest Location="ImpactedSystemsInstance\Elements.xml" />
        <ElementManifest Location="ImpactedSystems\Elements.xml" />
      </ApplyElementManifests>
    </VersionRange>
  </UpgradeActions>
</Feature>